,neurons,accuracy
uneducated,"[100, 10, 50]",0.9635193133047211
kins,"[100, 10, 10]",0.9721030042918455
kill,"[100, 10, 50]",0.9635193133047211
