,neurons,accuracy
uneducated,"[10, 50, 50]",0.8461351182329624
kins,"[10, 50, 10]",0.8447530901925595
kill,"[10, 50, 10]",0.8457972841679309
