,neurons,accuracy
uneducated,"[10, 10, 10]",0.8462271558457297
kins,"[10, 10, 10]",0.8467799644209263
kill,"[10, 10, 10]",0.846288582793558
