,neurons,accuracy
uneducated,"[100, 10, 10]",0.9388523047977422
kins,"[50, 10, 10]",0.9416745061147695
kill,"[100, 10, 10]",0.9388523047977422
